{"NUM_MediumID_DEN_genTracks": {"pt_eta": {"pt:[20.00,25.00]": {"eta:[0.50,0.80]": {"value": 1.0038947569719814, "error": 0.0009912145842074947}, "eta:[-1.60,-1.50]": {"value": 1.0007365141773337, "error": 0.00047211065645788537}, "eta:[2.00,2.10]": {"value": 0.9546191469376475, "error": 0.007410938423625866}, "eta:[-0.20,0.00]": {"value": 0.9711321816409095, "error": 0.014642537817246903}, "eta:[-1.20,-0.80]": {"value": 1.0057764746428999, "error": 0.006071284893688304}, "eta:[-1.70,-1.60]": {"value": 0.9915430462955046, "error": 0.004241686045642297}, "eta:[1.40,1.50]": {"value": 1.0035087357150594, "error": 0.0027782785172517453}, "eta:[-2.10,-2.00]": {"value": 0.9571500849738225, "error": 0.005187378808523348}, "eta:[2.10,2.20]": {"value": 0.8954869103179052, "error": 0.006689374043718865}, "eta:[-2.40,-2.30]": {"value": 0.9967561394928147, "error": 0.009789622093197906}, "eta:[2.20,2.30]": {"value": 0.9737841918326414, "error": 0.007342060012624213}, "eta:[-1.40,-1.20]": {"value": 1.0092296260231686, "error": 0.00519702613111689}, "eta:[1.70,2.00]": {"value": 0.9821069616396135, "error": 0.005405914675429194}, "eta:[0.80,1.20]": {"value": 1.0050598309758758, "error": 0.0042698553690549155}, "eta:[0.20,0.30]": {"value": 0.9762870838798015, "error": 0.011465911693283905}, "eta:[-2.30,-2.20]": {"value": 0.9594210715459043, "error": 0.006925004885927758}, "eta:[1.60,1.70]": {"value": 0.9999931764325968, "error": 0.007253890175838491}, "eta:[-0.50,-0.30]": {"value": 1.0052815181329653, "error": 0.013168568045931228}, "eta:[-2.20,-2.10]": {"value": 0.8912058489894339, "error": 0.006182310054253862}, "eta:[1.50,1.60]": {"value": 1.003808105330022, "error": 0.0014283491772836068}, "eta:[-2.00,-1.70]": {"value": 0.9720805508690942, "error": 0.004472203942468922}, "eta:[-1.50,-1.40]": {"value": 0.9933378447465717, "error": 0.006616909581923479}, "eta:[-0.80,-0.50]": {"value": 1.0035825734160009, "error": 0.013168568045931228}, "eta:[0.00,0.20]": {"value": 1.0002820038971285, "error": 0.013040242753093375}, "eta:[2.30,2.40]": {"value": 0.9997581765628734, "error": 0.0053194772094981085}, "eta:[-0.30,-0.20]": {"value": 0.993477295739524, "error": 0.013168568045931228}, "eta:[0.30,0.50]": {"value": 1.0076369749637815, "error": 0.005547342037762059}, "eta:[1.20,1.40]": {"value": 1.005685336705049, "error": 0.0004345857623266778}}, "pt:[50.00,60.00]": {"eta:[0.50,0.80]": {"value": 0.9906837465701019, "error": 0.00043568608274857634}, "eta:[-1.60,-1.50]": {"value": 0.993821286268145, "error": 0.0014925373545465386}, "eta:[2.00,2.10]": {"value": 0.9605159575587164, "error": 0.0019271196369586845}, "eta:[-0.20,0.00]": {"value": 0.9898135518975233, "error": 0.0009924438278294033}, "eta:[-1.20,-0.80]": {"value": 0.9910028478916837, "error": 0.0011440480686405823}, "eta:[-1.70,-1.60]": {"value": 0.9940577842789272, "error": 0.0017546690644214507}, "eta:[1.40,1.50]": {"value": 0.9854060868357136, "error": 0.0034171602435545344}, "eta:[-2.10,-2.00]": {"value": 0.9580501421914618, "error": 0.001229362451466899}, "eta:[2.10,2.20]": {"value": 0.897761189458566, "error": 0.0012751924974093401}, "eta:[-2.40,-2.30]": {"value": 0.9800667171299453, "error": 0.00321265306121518}, "eta:[2.20,2.30]": {"value": 0.9638626435100357, "error": 0.0017893429045873909}, "eta:[-1.40,-1.20]": {"value": 0.9935446819110896, "error": 0.0009886290098891422}, "eta:[1.70,2.00]": {"value": 0.9849400922329089, "error": 0.0006484624821740366}, "eta:[0.80,1.20]": {"value": 0.9957099749721424, "error": 0.000998032207904072}, "eta:[0.20,0.30]": {"value": 0.98095861768344, "error": 0.0011611461179052585}, "eta:[-2.30,-2.20]": {"value": 0.9649752191725488, "error": 0.005184978257631245}, "eta:[1.60,1.70]": {"value": 0.9981656295810292, "error": 0.0015798779721332128}, "eta:[-0.50,-0.30]": {"value": 0.9960442449760935, "error": 0.0014516908828836447}, "eta:[-2.20,-2.10]": {"value": 0.8891838499462658, "error": 0.001777087358604541}, "eta:[1.50,1.60]": {"value": 0.9964396751281978, "error": 0.0016830281855813028}, "eta:[-2.00,-1.70]": {"value": 0.9799022630546345, "error": 0.0005474967689241457}, "eta:[-1.50,-1.40]": {"value": 0.9930053827037323, "error": 0.0011649751068677943}, "eta:[-0.80,-0.50]": {"value": 0.992436915605274, "error": 0.0006169741500450108}, "eta:[0.00,0.20]": {"value": 0.9903848022780342, "error": 0.0015643400350305592}, "eta:[2.30,2.40]": {"value": 0.9915175753676901, "error": 0.0033778040080329826}, "eta:[-0.30,-0.20]": {"value": 0.9769885356269048, "error": 0.0021026650433288957}, "eta:[0.30,0.50]": {"value": 0.9947707914281687, "error": 0.001538886401666224}, "eta:[1.20,1.40]": {"value": 0.9890995770315453, "error": 0.002422004387070927}}, "pt:[25.00,30.00]": {"eta:[0.50,0.80]": {"value": 1.0056172042749558, "error": 0.0054287589563941805}, "eta:[-1.60,-1.50]": {"value": 0.9936958267203876, "error": 0.0025826820847488214}, "eta:[2.00,2.10]": {"value": 0.9531337969984764, "error": 0.0070208710093142}, "eta:[-0.20,0.00]": {"value": 0.9904648287958246, "error": 0.012645875016382499}, "eta:[-1.20,-0.80]": {"value": 0.9969852811336296, "error": 0.007696160299692396}, "eta:[-1.70,-1.60]": {"value": 0.9937628576194303, "error": 0.005707158887367042}, "eta:[1.40,1.50]": {"value": 1.0028651592271247, "error": 0.002591116046007194}, "eta:[-2.10,-2.00]": {"value": 0.9481749248915254, "error": 0.007198644621031788}, "eta:[2.10,2.20]": {"value": 0.8901110730460088, "error": 0.005555501324212509}, "eta:[-2.40,-2.30]": {"value": 0.988275196846354, "error": 0.005177032295756424}, "eta:[2.20,2.30]": {"value": 0.9594931383120341, "error": 0.0051478645881014575}, "eta:[-1.40,-1.20]": {"value": 0.9907504524869178, "error": 0.003012865573513573}, "eta:[1.70,2.00]": {"value": 0.9797721220314011, "error": 0.00213194270960393}, "eta:[0.80,1.20]": {"value": 0.9957606990805, "error": 0.004363721587785554}, "eta:[0.20,0.30]": {"value": 0.9940611298414208, "error": 0.014483909045005799}, "eta:[-2.30,-2.20]": {"value": 0.9641798073464388, "error": 0.007018622416493547}, "eta:[1.60,1.70]": {"value": 1.0009178206017129, "error": 0.0007291977779920971}, "eta:[-0.50,-0.30]": {"value": 0.9945888525704697, "error": 0.009669893583759052}, "eta:[-2.20,-2.10]": {"value": 0.8889143965823825, "error": 0.0025347667802003353}, "eta:[1.50,1.60]": {"value": 1.0010568289863946, "error": 0.0004998406570376384}, "eta:[-2.00,-1.70]": {"value": 0.976694418159412, "error": 0.005457859278743868}, "eta:[-1.50,-1.40]": {"value": 0.9935850204137852, "error": 0.003229213771781619}, "eta:[-0.80,-0.50]": {"value": 1.0023322333719722, "error": 0.00443640901506478}, "eta:[0.00,0.20]": {"value": 0.9916437259469147, "error": 0.014555804612245581}, "eta:[2.30,2.40]": {"value": 0.9790295184623583, "error": 0.003596972958151098}, "eta:[-0.30,-0.20]": {"value": 0.9926383577548716, "error": 0.012523960337537747}, "eta:[0.30,0.50]": {"value": 1.0024270006513563, "error": 0.011708159936002995}, "eta:[1.20,1.40]": {"value": 1.001945825979884, "error": 0.0038639167414752564}}, "pt:[60.00,120.00]": {"eta:[0.50,0.80]": {"value": 0.998578249715624, "error": 0.012722575626911637}, "eta:[-1.60,-1.50]": {"value": 1.002228290429145, "error": 0.004578992540849596}, "eta:[2.00,2.10]": {"value": 0.9705004910746388, "error": 0.002274971605127944}, "eta:[-0.20,0.00]": {"value": 0.9927872880529833, "error": 0.011290644053650104}, "eta:[-1.20,-0.80]": {"value": 0.9982461994667498, "error": 0.005780985619409935}, "eta:[-1.70,-1.60]": {"value": 0.9932231222119249, "error": 0.0020535322992641892}, "eta:[1.40,1.50]": {"value": 1.0000004567304897, "error": 5.662622561225951e-06}, "eta:[-2.10,-2.00]": {"value": 0.9747059085959254, "error": 0.005995386930203763}, "eta:[2.10,2.20]": {"value": 0.9078512944072171, "error": 0.00243554583683005}, "eta:[-2.40,-2.30]": {"value": 0.9926733384747467, "error": 0.007848784036785749}, "eta:[2.20,2.30]": {"value": 0.9656315910722147, "error": 0.012053296126890435}, "eta:[-1.40,-1.20]": {"value": 0.9984076827441307,