{"NUM_LooseRelIso_DEN_MediumID": {"pt_eta": {"pt:[20.00,25.00]": {"eta:[0.50,0.80]": {"value": 0.9949420754043576, "error": 0.0011003614488932284}, "eta:[-1.60,-1.50]": {"value": 0.9945557733350895, "error": 0.0029036444249026403}, "eta:[2.00,2.10]": {"value": 0.9980363459744543, "error": 0.001602017641466832}, "eta:[-0.20,0.00]": {"value": 0.9891488665042228, "error": 0.0014302785878483207}, "eta:[-1.20,-0.80]": {"value": 0.9967937020806072, "error": 0.0005219134749293303}, "eta:[-1.70,-1.60]": {"value": 0.9917831431136742, "error": 0.0013338441346405505}, "eta:[1.40,1.50]": {"value": 1.0002932979803245, "error": 0.0012603089609068473}, "eta:[-2.10,-2.00]": {"value": 0.9937677661444406, "error": 0.004123568886431564}, "eta:[2.10,2.20]": {"value": 0.989276177746265, "error": 0.0005428105242225895}, "eta:[-2.40,-2.30]": {"value": 0.9803112667230798, "error": 0.0028257481403652705}, "eta:[2.20,2.30]": {"value": 0.9938911958867097, "error": 0.0007194546498566553}, "eta:[-1.40,-1.20]": {"value": 0.9934111733718362, "error": 0.0011711421163661455}, "eta:[1.70,2.00]": {"value": 0.9951285011078788, "error": 0.0008088956315414266}, "eta:[0.80,1.20]": {"value": 0.9980428222983315, "error": 0.0008404122376287602}, "eta:[0.20,0.30]": {"value": 0.9969049914857832, "error": 0.0021132112861783374}, "eta:[-2.30,-2.20]": {"value": 0.9954457326766707, "error": 0.0012342286198986317}, "eta:[1.60,1.70]": {"value": 0.9966515917883891, "error": 0.001384365053074772}, "eta:[-0.50,-0.30]": {"value": 0.9865453574323784, "error": 0.00204696998813962}, "eta:[-2.20,-2.10]": {"value": 0.9883704812756057, "error": 0.0009472637465755042}, "eta:[1.50,1.60]": {"value": 0.9993701636831024, "error": 0.0012181866493023768}, "eta:[-2.00,-1.70]": {"value": 0.9962194886402651, "error": 0.0009336270514484009}, "eta:[-1.50,-1.40]": {"value": 0.9968369350559196, "error": 0.0010075662139331356}, "eta:[-0.80,-0.50]": {"value": 0.9941461855849045, "error": 0.0009388088653120553}, "eta:[0.00,0.20]": {"value": 0.9927249028764408, "error": 0.0015441304774078326}, "eta:[2.30,2.40]": {"value": 0.9921750750476874, "error": 0.0010800637826111961}, "eta:[-0.30,-0.20]": {"value": 0.9972100825877077, "error": 0.0015026776496016253}, "eta:[0.30,0.50]": {"value": 1.0000982980663993, "error": 0.0013771028770879273}, "eta:[1.20,1.40]": {"value": 0.9934617830688719, "error": 0.00029432218171898477}}, "pt:[50.00,60.00]": {"eta:[0.50,0.80]": {"value": 0.998953630812258, "error": 6.888794473723215e-05}, "eta:[-1.60,-1.50]": {"value": 1.0000855533363064, "error": 0.0003144710728172384}, "eta:[2.00,2.10]": {"value": 0.9996161693568509, "error": 0.0007239151018116303}, "eta:[-0.20,0.00]": {"value": 1.000478442040841, "error": 0.00036927810288645344}, "eta:[-1.20,-0.80]": {"value": 0.999748255355933, "error": 0.00034272312212045103}, "eta:[-1.70,-1.60]": {"value": 0.999912190620868, "error": 0.0006382054802458136}, "eta:[1.40,1.50]": {"value": 1.0001358962967704, "error": 0.00035532360350909014}, "eta:[-2.10,-2.00]": {"value": 0.9984952402133883, "error": 0.0006551762036024229}, "eta:[2.10,2.20]": {"value": 0.9990836280678697, "error": 0.0002915377625924725}, "eta:[-2.40,-2.30]": {"value": 0.9987743660617777, "error": 0.0015145865215383729}, "eta:[2.20,2.30]": {"value": 0.9994834468392394, "error": 0.0005382321651492609}, "eta:[-1.40,-1.20]": {"value": 0.9993675866995758, "error": 0.00011049683942745747}, "eta:[1.70,2.00]": {"value": 0.9989970913476893, "error": 0.0004185913371197734}, "eta:[0.80,1.20]": {"value": 0.9999249820239396, "error": 0.00016086185993801456}, "eta:[0.20,0.30]": {"value": 1.0007092437958782, "error": 9.356531944047103e-05}, "eta:[-2.30,-2.20]": {"value": 0.9992807192277987, "error": 0.0007448326736859657}, "eta:[1.60,1.70]": {"value": 0.9999391318415413, "error": 0.0003266659611330479}, "eta:[-0.50,-0.30]": {"value": 0.9994615844259838, "error": 0.00021310958304846631}, "eta:[-2.20,-2.10]": {"value": 1.0002969609690646, "error": 0.0004003661818215953}, "eta:[1.50,1.60]": {"value": 1.000114064808409, "error": 0.000273506204514268}, "eta:[-2.00,-1.70]": {"value": 0.9987932419805752, "error": 0.0004908008462125452}, "eta:[-1.50,-1.40]": {"value": 1.0004875555583612, "error": 0.0004013914543386322}, "eta:[-0.80,-0.50]": {"value": 0.9998553574539255, "error": 0.0004460779811366611}, "eta:[0.00,0.20]": {"value": 0.9999080362460862, "error": 0.000346577726521533}, "eta:[2.30,2.40]": {"value": 1.0008451102091982, "error": 0.001057632560637429}, "eta:[-0.30,-0.20]": {"value": 0.999565487778573, "error": 0.00026277510024976485}, "eta:[0.30,0.50]": {"value": 0.999665084916775, "error": 0.00039815171841783576}, "eta:[1.20,1.40]": {"value": 0.9995493791934604, "error": 5.648623694791509e-05}}, "pt:[25.00,30.00]": {"eta:[0.50,0.80]": {"value": 1.002193478349561, "error": 0.0011586111758931674}, "eta:[-1.60,-1.50]": {"value": 0.9961506760476045, "error": 0.0007879922811565282}, "eta:[2.00,2.10]": {"value": 1.000581637116156, "error": 0.0013136212719498624}, "eta:[-0.20,0.00]": {"value": 0.9959990635320777, "error": 0.001119680173235932}, "eta:[-1.20,-0.80]": {"value": 0.9979485561907089, "error": 0.0008150862756809642}, "eta:[-1.70,-1.60]": {"value": 0.9973824018359085, "error": 0.0004650444384233012}, "eta:[1.40,1.50]": {"value": 0.9972176949539046, "error": 0.0004006333277971029}, "eta:[-2.10,-2.00]": {"value": 1.0006988984169343, "error": 0.001624202229617949}, "eta:[2.10,2.20]": {"value": 0.997557054115787, "error": 0.0012681272936138509}, "eta:[-2.40,-2.30]": {"value": 0.9968456660843574, "error": 0.0006135979747110639}, "eta:[2.20,2.30]": {"value": 1.0050478616074239, "error": 0.0014426795907222438}, "eta:[-1.40,-1.20]": {"value": 0.9991105928134282, "error": 0.0005310047168501636}, "eta:[1.70,2.00]": {"value": 0.9984782887914373, "error": 0.0008946267159800312}, "eta:[0.80,1.20]": {"value": 1.002595025937669, "error": 0.00114047369365261}, "eta:[0.20,0.30]": {"value": 0.9953848438819998, "error": 0.0007563991111331945}, "eta:[-2.30,-2.20]": {"value": 1.0014265638980921, "error": 0.0007376411946523122}, "eta:[1.60,1.70]": {"value": 0.9977791551172307, "error": 0.0006992623363476278}, "eta:[-0.50,-0.30]": {"value": 0.996680841573423, "error": 0.0007805760407215736}, "eta:[-2.20,-2.10]": {"value": 0.992467674832528, "error": 0.000795794141047918}, "eta:[1.50,1.60]": {"value": 1.0015482699582472, "error": 0.00040916524651670626}, "eta:[-2.00,-1.70]": {"value": 0.9966554795724645, "error": 0.0006700953776495168}, "eta:[-1.50,-1.40]": {"value": 0.9982846963039171, "error": 0.0006616436779285303}, "eta:[-0.80,-0.50]": {"value": 1.0006276077355911, "error": 0.0011303702811038352}, "eta:[0.00,0.20]": {"value": 1.001392374015557, "error": 0.0005438040119679565}, "eta:[2.30,2.40]": {"value": 0.9918960510952466, "error": 0.0014931162714099592}, "eta:[-0.30,-0.20]": {"value": 0.9980298454965825, "error": 0.0008208422099624097}, "eta:[0.30,0.50]": {"value": 0.9978112200600807, "error": 0.0006408177291661896}, "eta:[1.20,1.40]": {"value": 0.999281093620444, "error": 0.0005239387415472507}}, "pt:[60.00,120.00]": {"eta:[0.50,0.80]": {"value": 0.9998303413585685, "error": 0.00016553525478801945}, "eta:[-1.60,-1.50]": {"value": 0.9996324014699007, "error": 0.0004980759468534064}, "eta:[2.00,2.10]": {"value": 0.9981940527679439, "error": 0.00028919215780563685}, "eta:[-0.20,0.00]": {"value": 1.0007795701480244, "error": 0.00016070142269896203}, "eta:[-1.20,-0.80]": {"value": 1.0000995208677421, "error": 0.00029995378074300876}, "eta:[-1.70,-1.60]": {"value": 1.0002435865731567, "error": 0.0009018982407553237}, "eta:[1.40,1.50]": {"value": 1.0000329882480976, "error": 0.00034586867099887716}, "eta:[-2.10,-2.00]": {"value": 0.9989953639305426, "error": 0.0003059591256221696}, "eta:[2.10,2.20]": {"value": 1.0014039718067314, "error": 0.0003688252753760822}, "eta:[-2.40,-2.30]": {"value": 0.9976791732637225, "error": 0.0006608628781777384}, "eta:[2.20,2.30]": {"value": 1.0008006414758412, "error": 0.0007148892174580751},