{"NUM_MediumID_DEN_genTracks": {"pt_eta": {"pt:[20.00,25.00]": {"eta:[0.50,0.80]": {"value": 1.0038955360974176, "error": 0.0006593871758164289}, "eta:[-1.60,-1.50]": {"value": 0.9979923631242775, "error": 0.002256598970798539}, "eta:[2.00,2.10]": {"value": 0.9867598807630594, "error": 0.005874320301730014}, "eta:[-0.20,0.00]": {"value": 0.9832401912613185, "error": 0.006688234517523924}, "eta:[-1.20,-0.80]": {"value": 0.994679256502354, "error": 0.00923281208133151}, "eta:[-1.70,-1.60]": {"value": 1.0043117660193535, "error": 0.00041693630776831834}, "eta:[1.40,1.50]": {"value": 1.0047186295831239, "error": 0.0014283878819174687}, "eta:[-2.10,-2.00]": {"value": 0.9869744458937688, "error": 0.005539966662109207}, "eta:[2.10,2.20]": {"value": 0.9500811037306932, "error": 0.007106369361133081}, "eta:[-2.40,-2.30]": {"value": 0.9972822605340191, "error": 0.009416937513268714}, "eta:[2.20,2.30]": {"value": 0.997363734149282, "error": 0.004539181837718394}, "eta:[-1.40,-1.20]": {"value": 1.0071600621742942, "error": 0.004401563672193027}, "eta:[1.70,2.00]": {"value": 0.9901502944954192, "error": 0.005222259847698695}, "eta:[0.80,1.20]": {"value": 0.9998235517695153, "error": 0.006254052022166425}, "eta:[0.20,0.30]": {"value": 0.9929676824221367, "error": 0.007877501772260431}, "eta:[-2.30,-2.20]": {"value": 0.9910078639450768, "error": 0.0080724997716089}, "eta:[1.60,1.70]": {"value": 1.001711695475354, "error": 0.005222259847698695}, "eta:[-0.50,-0.30]": {"value": 1.0052814274431245, "error": 0.0006952831126996259}, "eta:[-2.20,-2.10]": {"value": 0.9393750815061584, "error": 0.0066126588338694696}, "eta:[1.50,1.60]": {"value": 1.0038081201520221, "error": 0.0014283878819174687}, "eta:[-2.00,-1.70]": {"value": 0.9831660951433708, "error": 0.005539966662109207}, "eta:[-1.50,-1.40]": {"value": 1.0024549602428898, "error": 0.000697184660321056}, "eta:[-0.80,-0.50]": {"value": 0.996228871871085, "error": 0.0058720395865448}, "eta:[0.00,0.20]": {"value": 1.0034369847458213, "error": 0.010211269694758876}, "eta:[2.30,2.40]": {"value": 1.005804018045501, "error": 0.005024890787339642}, "eta:[-0.30,-0.20]": {"value": 0.9912928397162332, "error": 0.009928757191627866}, "eta:[0.30,0.50]": {"value": 1.0076370056742043, "error": 0.011604713181667474}, "eta:[1.20,1.40]": {"value": 1.0056395929807187, "error": 0.00043160464725075845}}, "pt:[50.00,60.00]": {"eta:[0.50,0.80]": {"value": 0.9937747188775434, "error": 0.0002761100921611089}, "eta:[-1.60,-1.50]": {"value": 0.9950605460877058, "error": 0.0005756281563990968}, "eta:[2.00,2.10]": {"value": 0.9886378646775648, "error": 0.0008438375450499893}, "eta:[-0.20,0.00]": {"value": 0.9973851224242637, "error": 0.0008439329788554743}, "eta:[-1.20,-0.80]": {"value": 0.9933434600684241, "error": 0.0006766152528383909}, "eta:[-1.70,-1.60]": {"value": 0.9948389429406465, "error": 0.0010293546362955687}, "eta:[1.40,1.50]": {"value": 0.9867357011782367, "error": 0.002812348869197879}, "eta:[-2.10,-2.00]": {"value": 0.9945923554915718, "error": 0.0006086612067277599}, "eta:[2.10,2.20]": {"value": 0.9486534573109903, "error": 0.0016187732739786729}, "eta:[-2.40,-2.30]": {"value": 0.9922038977465715, "error": 0.002705921866276885}, "eta:[2.20,2.30]": {"value": 1.0020180007937007, "error": 0.0018073429096303825}, "eta:[-1.40,-1.20]": {"value": 0.9966519002997776, "error": 0.0010812068201989564}, "eta:[1.70,2.00]": {"value": 0.9885655446124322, "error": 0.0006920978643783001}, "eta:[0.80,1.20]": {"value": 0.9891957406303395, "error": 0.0014138847665019732}, "eta:[0.20,0.30]": {"value": 0.9892581442858095, "error": 0.0014607256561626012}, "eta:[-2.30,-2.20]": {"value": 0.9871085264429074, "error": 0.0020849160099506107}, "eta:[1.60,1.70]": {"value": 0.9862142195398194, "error": 0.002525139227180907}, "eta:[-0.50,-0.30]": {"value": 0.9948489424983624, "error": 0.0006056545080379081}, "eta:[-2.20,-2.10]": {"value": 0.9242413135809973, "error": 0.00341341059551114}, "eta:[1.50,1.60]": {"value": 0.9922507779990116, "error": 0.00217893151373493}, "eta:[-2.00,-1.70]": {"value": 0.9881412453697357, "error": 0.00020113098885794672}, "eta:[-1.50,-1.40]": {"value": 0.9976997680870354, "error": 0.0006368406193456043}, "eta:[-0.80,-0.50]": {"value": 0.9947305053301538, "error": 0.0006040327519920974}, "eta:[0.00,0.20]": {"value": 0.9985118644018499, "error": 0.000713354233261657}, "eta:[2.30,2.40]": {"value": 0.9927563909691296, "error": 0.002427500635649558}, "eta:[-0.30,-0.20]": {"value": 0.9868568247349908, "error": 0.0007207183393240378}, "eta:[0.30,0.50]": {"value": 0.9979518797232672, "error": 0.0010738975101770522}, "eta:[1.20,1.40]": {"value": 0.9907429772244896, "error": 0.0018377084489914625}}, "pt:[25.00,30.00]": {"eta:[0.50,0.80]": {"value": 1.002674753562991, "error": 0.0025098913615008915}, "eta:[-1.60,-1.50]": {"value": 1.002208621941017, "error": 0.0004536224160540552}, "eta:[2.00,2.10]": {"value": 0.9933078192534024, "error": 0.004468356122231901}, "eta:[-0.20,0.00]": {"value": 0.995669864236776, "error": 0.00983965216550496}, "eta:[-1.20,-0.80]": {"value": 0.9991872658644266, "error": 0.005526068429227942}, "eta:[-1.70,-1.60]": {"value": 0.9899193906252997, "error": 0.004394669273275285}, "eta:[1.40,1.50]": {"value": 1.0028651598831375, "error": 0.00878933582279991}, "eta:[-2.10,-2.00]": {"value": 0.989147510736084, "error": 0.0031413637099738053}, "eta:[2.10,2.20]": {"value": 0.9460548610006475, "error": 0.0030101228289320645}, "eta:[-2.40,-2.30]": {"value": 0.9945332866569363, "error": 0.006848015085779949}, "eta:[2.20,2.30]": {"value": 0.9999855326933027, "error": 0.004098695067701455}, "eta:[-1.40,-1.20]": {"value": 0.9988412402932236, "error": 0.0035773556641568753}, "eta:[1.70,2.00]": {"value": 0.9924218650914062, "error": 0.0017432857135162994}, "eta:[0.80,1.20]": {"value": 0.9964516272692231, "error": 0.004123398329146403}, "eta:[0.20,0.30]": {"value": 0.9971922860729966, "error": 0.012231671065823763}, "eta:[-2.30,-2.20]": {"value": 1.0034434921131838, "error": 0.004536337620827045}, "eta:[1.60,1.70]": {"value": 1.0000681041963986, "error": 0.002799409750573366}, "eta:[-0.50,-0.30]": {"value": 0.995074945616086, "error": 0.010920696001641203}, "eta:[-2.20,-2.10]": {"value": 0.9346177869844483, "error": 0.00434710436801958}, "eta:[1.50,1.60]": {"value": 0.9924346157694505, "error": 0.00878933582279991}, "eta:[-2.00,-1.70]": {"value": 0.9856156395005831, "error": 0.004522033974032446}, "eta:[-1.50,-1.40]": {"value": 0.9967803034784961, "error": 0.0037216756115318788}, "eta:[-0.80,-0.50]": {"value": 1.001211915208618, "error": 0.007109700021576802}, "eta:[0.00,0.20]": {"value": 1.0020180458995938, "error": 0.011219192198957508}, "eta:[2.30,2.40]": {"value": 0.9883667699805976, "error": 0.0037042871202336096}, "eta:[-0.30,-0.20]": {"value": 0.9868081256518556, "error": 0.009095124363340814}, "eta:[0.30,0.50]": {"value": 1.0034547237254259, "error": 0.01010726200864772}, "eta:[1.20,1.40]": {"value": 1.0044760860341808, "error": 0.0051169699917747126}}, "pt:[60.00,120.00]": {"eta:[0.50,0.80]": {"value": 0.9955227752646347, "error": 0.006788038080685371}, "eta:[-1.60,-1.50]": {"value": 1.0022279565865906, "error": 0.000390392675798597}, "eta:[2.00,2.10]": {"value": 0.9997163655028803, "error": 0.004405440400957036}, "eta:[-0.20,0.00]": {"value": 0.9989530703587525, "error": 0.008503863931481056}, "eta:[-1.20,-0.80]": {"value": 1.0018677922278336, "error": 0.0022925826905508375}, "eta:[-1.70,-1.60]": {"value": 0.9886580811835589, "error": 0.0020529842168833723}, "eta:[1.40,1.50]": {"value": 1.0000004611405218, "error": 0.0048181964440682755}, "eta:[-2.10,-2.00]": {"value": 0.9925871736875455, "error": 0.004132064709728633}, "eta:[2.10,2.20]": {"value": 0.9508247614646964, "error": 0.010505965472613534}, "eta:[-2.40,-2.30]": {"value": 0.9946888778936713, "error": 0.013432472458931864}, "eta:[2.20,2.30]": {"value": 1.0027041572108362, "error": 0.0007705598628456043}, "eta:[-1.40,-1.20]": {"value": 0.9955001174438757,