{"NUM_LooseRelIso_DEN_MediumID": {"pt_eta": {"pt:[20.00,25.00]": {"eta:[0.50,0.80]": {"value": 0.9876860114235897, "error": 0.0013223003348901863}, "eta:[-1.60,-1.50]": {"value": 0.9966814700289107, "error": 0.0007254581340567683}, "eta:[2.00,2.10]": {"value": 1.0006281777510544, "error": 0.003945288624143138}, "eta:[-0.20,0.00]": {"value": 0.9851611606713007, "error": 0.0008184487666038374}, "eta:[-1.20,-0.80]": {"value": 0.9971821823133036, "error": 0.0005920673123348004}, "eta:[-1.70,-1.60]": {"value": 0.9911579999679221, "error": 0.0015157272450819056}, "eta:[1.40,1.50]": {"value": 0.9996611318766935, "error": 0.0008920952036217223}, "eta:[-2.10,-2.00]": {"value": 1.0040520565719977, "error": 0.002013019590103186}, "eta:[2.10,2.20]": {"value": 0.9950224250406285, "error": 0.0012772908928134472}, "eta:[-2.40,-2.30]": {"value": 0.9938516289098657, "error": 0.0006325655720391462}, "eta:[2.20,2.30]": {"value": 0.997510668362048, "error": 0.0010132153580030634}, "eta:[-1.40,-1.20]": {"value": 0.9892318489847667, "error": 0.002451283413687693}, "eta:[1.70,2.00]": {"value": 0.9988652607324017, "error": 0.00047547982972497173}, "eta:[0.80,1.20]": {"value": 0.9963678173943548, "error": 0.0008969140682928118}, "eta:[0.20,0.30]": {"value": 0.9872726743837029, "error": 0.0031800718267470003}, "eta:[-2.30,-2.20]": {"value": 1.001423916002932, "error": 0.0006935413623694524}, "eta:[1.60,1.70]": {"value": 0.9948935952528205, "error": 0.0016840718921547382}, "eta:[-0.50,-0.30]": {"value": 0.981896832030268, "error": 0.0016115467591372756}, "eta:[-2.20,-2.10]": {"value": 1.0021732448630296, "error": 0.004265510948514362}, "eta:[1.50,1.60]": {"value": 1.0051898748029544, "error": 0.0026566324494121853}, "eta:[-2.00,-1.70]": {"value": 1.0020835592289161, "error": 0.0008632391699037829}, "eta:[-1.50,-1.40]": {"value": 1.0034280178733628, "error": 0.0007562677775757661}, "eta:[-0.80,-0.50]": {"value": 0.9989215551569283, "error": 0.0011698404326270756}, "eta:[0.00,0.20]": {"value": 0.991730872838465, "error": 0.002135060158312739}, "eta:[2.30,2.40]": {"value": 1.0004742799129707, "error": 0.0036884385201989204}, "eta:[-0.30,-0.20]": {"value": 0.9833809390486745, "error": 0.0037671961044069505}, "eta:[0.30,0.50]": {"value": 0.9965215937412875, "error": 0.0011731542645231625}, "eta:[1.20,1.40]": {"value": 0.9905478504583981, "error": 0.0023228576401298534}}, "pt:[50.00,60.00]": {"eta:[0.50,0.80]": {"value": 0.9997835584539461, "error": 0.0001539973956062842}, "eta:[-1.60,-1.50]": {"value": 1.0007994613702633, "error": 0.00043035726677864044}, "eta:[2.00,2.10]": {"value": 0.9992481107196027, "error": 0.0007086719639845609}, "eta:[-0.20,0.00]": {"value": 1.0002208362140292, "error": 0.00039179801846591776}, "eta:[-1.20,-0.80]": {"value": 0.9996153387233714, "error": 0.0003522409378479959}, "eta:[-1.70,-1.60]": {"value": 0.9998259855382317, "error": 0.0005416624263304517}, "eta:[1.40,1.50]": {"value": 1.0009388021414813, "error": 0.00022685568998905941}, "eta:[-2.10,-2.00]": {"value": 0.9994549004012582, "error": 0.00024151362071957972}, "eta:[2.10,2.20]": {"value": 1.0010165895687553, "error": 0.00012662281880356993}, "eta:[-2.40,-2.30]": {"value": 0.9989156975432243, "error": 0.0010101633077753758}, "eta:[2.20,2.30]": {"value": 0.9998210788430397, "error": 0.0004658914199561866}, "eta:[-1.40,-1.20]": {"value": 0.9997122944717266, "error": 0.00012268307594875573}, "eta:[1.70,2.00]": {"value": 0.9995755719217899, "error": 0.000468480160245089}, "eta:[0.80,1.20]": {"value": 0.9994224201244488, "error": 0.00016665069526591858}, "eta:[0.20,0.30]": {"value": 1.0001576473562883, "error": 7.123438251541344e-05}, "eta:[-2.30,-2.20]": {"value": 0.9998219091211227, "error": 0.0008025223850602647}, "eta:[1.60,1.70]": {"value": 0.999637006970065, "error": 0.00028252036290753874}, "eta:[-0.50,-0.30]": {"value": 0.999222755526215, "error": 0.00016875350905046384}, "eta:[-2.20,-2.10]": {"value": 0.9995967536871481, "error": 0.00038279965316460803}, "eta:[1.50,1.60]": {"value": 1.000492405936106, "error": 0.0004209791729949815}, "eta:[-2.00,-1.70]": {"value": 0.9991329681117016, "error": 0.00031552720263574777}, "eta:[-1.50,-1.40]": {"value": 0.9996399828475303, "error": 0.0004271312544679488}, "eta:[-0.80,-0.50]": {"value": 0.9998495860722638, "error": 0.0005068388863624779}, "eta:[0.00,0.20]": {"value": 1.000315303181749, "error": 0.0004098547465493221}, "eta:[2.30,2.40]": {"value": 1.0003162986781262, "error": 0.0004065867806293653}, "eta:[-0.30,-0.20]": {"value": 0.9983512045907065, "error": 0.00031809210456193546}, "eta:[0.30,0.50]": {"value": 0.9995238992461054, "error": 0.00019047416008737494}, "eta:[1.20,1.40]": {"value": 0.9998262811242398, "error": 0.00015860819989502764}}, "pt:[25.00,30.00]": {"eta:[0.50,0.80]": {"value": 0.9990960853089028, "error": 0.0008863158242934477}, "eta:[-1.60,-1.50]": {"value": 1.000928532868369, "error": 0.001047112667233129}, "eta:[2.00,2.10]": {"value": 1.0023040519987982, "error": 0.0009634997984870116}, "eta:[-0.20,0.00]": {"value": 0.9926465824987252, "error": 0.0017834034934195839}, "eta:[-1.20,-0.80]": {"value": 1.000177319673999, "error": 0.00037297202899551964}, "eta:[-1.70,-1.60]": {"value": 0.9990576877630941, "error": 0.00020171065471537782}, "eta:[1.40,1.50]": {"value": 0.9962677964900032, "error": 0.0026508284243186957}, "eta:[-2.10,-2.00]": {"value": 1.0038014323855902, "error": 0.0005168040248068474}, "eta:[2.10,2.20]": {"value": 1.003090861309336, "error": 0.0003860940220185136}, "eta:[-2.40,-2.30]": {"value": 1.0001696151900796, "error": 0.0007293844914618522}, "eta:[2.20,2.30]": {"value": 1.004818152265983, "error": 0.000839772370693119}, "eta:[-1.40,-1.20]": {"value": 0.9989596605251764, "error": 0.0005727002887978159}, "eta:[1.70,2.00]": {"value": 1.0016874661848587, "error": 0.0009742865288228249}, "eta:[0.80,1.20]": {"value": 0.9995977387824, "error": 0.0012255403245311947}, "eta:[0.20,0.30]": {"value": 0.9969280092095509, "error": 0.000500408615263203}, "eta:[-2.30,-2.20]": {"value": 1.00738520011797, "error": 0.0012641644593530592}, "eta:[1.60,1.70]": {"value": 0.9978501094427376, "error": 0.0009033407997741124}, "eta:[-0.50,-0.30]": {"value": 0.9970116442347581, "error": 0.0009300232129118548}, "eta:[-2.20,-2.10]": {"value": 0.9980828583234358, "error": 0.0005533667177813088}, "eta:[1.50,1.60]": {"value": 0.9997687276152784, "error": 0.0008280320996140722}, "eta:[-2.00,-1.70]": {"value": 1.0023972376585795, "error": 0.0021354117295116926}, "eta:[-1.50,-1.40]": {"value": 0.9990194153243711, "error": 0.00039623271849538374}, "eta:[-0.80,-0.50]": {"value": 0.9994904558547142, "error": 0.0006639590569655532}, "eta:[0.00,0.20]": {"value": 1.000648476109691, "error": 0.0005044241310714484}, "eta:[2.30,2.40]": {"value": 0.9990017538260726, "error": 0.0008126513510410537}, "eta:[-0.30,-0.20]": {"value": 1.0005205553198673, "error": 0.0015029066966718645}, "eta:[0.30,0.50]": {"value": 0.9988253419530273, "error": 0.000887719558337323}, "eta:[1.20,1.40]": {"value": 1.0009776791263425, "error": 0.0012242581301137978}}, "pt:[60.00,120.00]": {"eta:[0.50,0.80]": {"value": 1.0004531365631588, "error": 0.00025868560454708826}, "eta:[-1.60,-1.50]": {"value": 0.9976854884239617, "error": 0.00024769891999518455}, "eta:[2.00,2.10]": {"value": 0.99825533422512, "error": 0.0005491237922799371}, "eta:[-0.20,0.00]": {"value": 0.9994484196128197, "error": 0.00030012659914072115}, "eta:[-1.20,-0.80]": {"value": 1.0003587663824196, "error": 0.00030012497762494235}, "eta:[-1.70,-1.60]": {"value": 0.999778979910243, "error": 0.0008682362263959742}, "eta:[1.40,1.50]": {"value": 1.0011937698668412, "error": 0.0004743265789597677}, "eta:[-2.10,-2.00]": {"value": 0.9976144211940217, "error": 0.0006352229611280361}, "eta:[2.10,2.20]": {"value": 1.0031705842390874, "error": 0.00013406349198600133}, "eta:[-2.40,-2.30]": {"value": 0.9979060475145854, "error": 0.0007380850548357668}, "eta:[2.20,2.30]": {"value": 1.0010738329284008,